<ImportExportXml version="9.2.24032.192" SolutionPackageVersion="9.2" languagecode="1033" generatedBy="CrmLive" xmlns:xsi="http://www.w3.org/2001/XMLSchema-instance">
  <SolutionManifest>
    <UniqueName>OpsCopBot</UniqueName>
    <LocalizedNames>
      <LocalizedName description="OpsCopBot" languagecode="1033" />
    </LocalizedNames>
    <Descriptions />
    <Version>1.0.0.2</Version>
    <Managed>0</Managed>
    <Publisher>
      <UniqueName>DefaultPublisherorg83267653</UniqueName>
      <LocalizedNames>
        <LocalizedName description="Default Publisher for org83267653" languagecode="1033" />
      </LocalizedNames>
      <Descriptions>
        <Description description="Default publisher for this organization" languagecode="1033" />
      </Descriptions>
      <EMailAddress xsi:nil="true"></EMailAddress>
      <SupportingWebsiteUrl xsi:nil="true"></SupportingWebsiteUrl>
      <CustomizationPrefix>new</CustomizationPrefix>
      <CustomizationOptionValuePrefix>10000</CustomizationOptionValuePrefix>
      <Addresses>
        <Address>
          <AddressNumber>1</AddressNumber>
          <AddressTypeCode xsi:nil="true"></AddressTypeCode>
          <City xsi:nil="true"></City>
          <County xsi:nil="true"></County>
          <Country xsi:nil="true"></Country>
          <Fax xsi:nil="true"></Fax>
          <FreightTermsCode xsi:nil="true"></FreightTermsCode>
          <ImportSequenceNumber xsi:nil="true"></ImportSequenceNumber>
          <Latitude xsi:nil="true"></Latitude>
          <Line1 xsi:nil="true"></Line1>
          <Line2 xsi:nil="true"></Line2>
          <Line3 xsi:nil="true"></Line3>
          <Longitude xsi:nil="true"></Longitude>
          <Name xsi:nil="true"></Name>
          <PostalCode xsi:nil="true"></PostalCode>
          <PostOfficeBox xsi:nil="true"></PostOfficeBox>
          <PrimaryContactName xsi:nil="true"></PrimaryContactName>
          <ShippingMethodCode xsi:nil="true"></ShippingMethodCode>
          <StateOrProvince xsi:nil="true"></StateOrProvince>
          <Telephone1 xsi:nil="true"></Telephone1>
          <Telephone2 xsi:nil="true"></Telephone2>
          <Telephone3 xsi:nil="true"></Telephone3>
          <TimeZoneRuleVersionNumber xsi:nil="true"></TimeZoneRuleVersionNumber>
          <UPSZone xsi:nil="true"></UPSZone>
          <UTCOffset xsi:nil="true"></UTCOffset>
          <UTCConversionTimeZoneCode xsi:nil="true"></UTCConversionTimeZoneCode>
        </Address>
        <Address>
          <AddressNumber>2</AddressNumber>
          <AddressTypeCode xsi:nil="true"></AddressTypeCode>
          <City xsi:nil="true"></City>
          <County xsi:nil="true"></County>
          <Country xsi:nil="true"></Country>
          <Fax xsi:nil="true"></Fax>
          <FreightTermsCode xsi:nil="true"></FreightTermsCode>
          <ImportSequenceNumber xsi:nil="true"></ImportSequenceNumber>
          <Latitude xsi:nil="true"></Latitude>
          <Line1 xsi:nil="true"></Line1>
          <Line2 xsi:nil="true"></Line2>
          <Line3 xsi:nil="true"></Line3>
          <Longitude xsi:nil="true"></Longitude>
          <Name xsi:nil="true"></Name>
          <PostalCode xsi:nil="true"></PostalCode>
          <PostOfficeBox xsi:nil="true"></PostOfficeBox>
          <PrimaryContactName xsi:nil="true"></PrimaryContactName>
          <ShippingMethodCode xsi:nil="true"></ShippingMethodCode>
          <StateOrProvince xsi:nil="true"></StateOrProvince>
          <Telephone1 xsi:nil="true"></Telephone1>
          <Telephone2 xsi:nil="true"></Telephone2>
          <Telephone3 xsi:nil="true"></Telephone3>
          <TimeZoneRuleVersionNumber xsi:nil="true"></TimeZoneRuleVersionNumber>
          <UPSZone xsi:nil="true"></UPSZone>
          <UTCOffset xsi:nil="true"></UTCOffset>
          <UTCConversionTimeZoneCode xsi:nil="true"></UTCConversionTimeZoneCode>
        </Address>
      </Addresses>
    </Publisher>
    <RootComponents>
      <RootComponent type="29" id="{0af34a8f-e5ab-ee11-be37-00224802a0c6}" behavior="0" />
      <RootComponent type="29" id="{1b2811a7-40ab-ee11-be37-00224802a0c6}" behavior="0" />
      <RootComponent type="29" id="{5a0963a5-03af-ee11-a569-00224802a0c6}" behavior="0" />
      <RootComponent type="29" id="{5bb953e6-55b0-ee11-a569-00224802a0c6}" behavior="0" />
      <RootComponent type="29" id="{5e2117a2-94b0-ee11-a569-00224802a0c6}" behavior="0" />
      <RootComponent type="29" id="{8b94cc15-cfcc-ee11-9079-00224802a0c6}" behavior="0" />
      <RootComponent type="29" id="{e9b1901d-0caf-ee11-a569-00224802a0c6}" behavior="0" />
    </RootComponents>
    <MissingDependencies>
      <MissingDependency>
        <Required type="connectionreference" displayName="new_sharedazuremonitorlogs_3e045" solution="Active" id.connectionreferencelogicalname="new_sharedazuremonitorlogs_3e045" />
        <Dependent type="29" displayName="Network" id="{5bb953e6-55b0-ee11-a569-00224802a0c6}" />
      </MissingDependency>
      <MissingDependency>
        <Required type="connectionreference" displayName="new_sharedazuremonitorlogs_3e045" solution="Active" id.connectionreferencelogicalname="new_sharedazuremonitorlogs_3e045" />
        <Dependent type="29" displayName="DC Anomalies" id="{8b94cc15-cfcc-ee11-9079-00224802a0c6}" />
      </MissingDependency>
      <MissingDependency>
        <Required type="connectionreference" displayName="new_sharedazuremonitorlogs_3e045" solution="Active" id.connectionreferencelogicalname="new_sharedazuremonitorlogs_3e045" />
        <Dependent type="29" displayName="Metrics" id="{e9b1901d-0caf-ee11-a569-00224802a0c6}" />
      </MissingDependency>
      <MissingDependency>
        <Required type="connectionreference" displayName="new_sharedazuremonitorlogs_49409" solution="Active" id.connectionreferencelogicalname="new_sharedazuremonitorlogs_49409" />
        <Dependent type="29" displayName="AKS v2" id="{0af34a8f-e5ab-ee11-be37-00224802a0c6}" />
      </MissingDependency>
      <MissingDependency>
        <Required type="connectionreference" displayName="new_sharedkeyvault_c7a57" solution="Active" id.connectionreferencelogicalname="new_sharedkeyvault_c7a57" />
        <Dependent type="29" displayName="AKS v2" id="{0af34a8f-e5ab-ee11-be37-00224802a0c6}" />
      </MissingDependency>
      <MissingDependency>
        <Required type="connectionreference" displayName="new_sharedkeyvault_c7a57" solution="Active" id.connectionreferencelogicalname="new_sharedkeyvault_c7a57" />
        <Dependent type="29" displayName="DCs Check" id="{1b2811a7-40ab-ee11-be37-00224802a0c6}" />
      </MissingDependency>
      <MissingDependency>
        <Required type="connectionreference" displayName="new_sharedkeyvault_c7a57" solution="Active" id.connectionreferencelogicalname="new_sharedkeyvault_c7a57" />
        <Dependent type="29" displayName="CMDBv2" id="{5a0963a5-03af-ee11-a569-00224802a0c6}" />
      </MissingDependency>
      <MissingDependency>
        <Required type="connectionreference" displayName="new_sharedkeyvault_c7a57" solution="Active" id.connectionreferencelogicalname="new_sharedkeyvault_c7a57" />
        <Dependent type="29" displayName="Patching" id="{5e2117a2-94b0-ee11-a569-00224802a0c6}" />
      </MissingDependency>
    </MissingDependencies>
  </SolutionManifest>
</ImportExportXml>