<bot schemaname="Default_operations">
  <authenticationmode>1</authenticationmode>
  <authenticationtrigger>0</authenticationtrigger>
  <iscustomizable>0</iscustomizable>
  <language>1033</language>
  <name>Operations</name>
  <runtimeprovider>0</runtimeprovider>
  <synchronizationstatus>{
  "contentVersion": 2,
  "lastFinishedPublishOperation": {
    "userId": "b55d828c-e1aa-4da1-8430-f2a0f9ad5e64",
    "operationEnd": "2024-04-11T12:08:01.1730713Z",
    "status": "Failed",
    "diagnosticDetails": [
      {
        "$kind": "ActionReferenceDiagnosticResult",
        "diagnosticList": [
          {
            "$kind": "BindingMissingRequiredInputError",
            "bindingKey": "text_4",
            "inputDisplayName": "OAIService"
          },
          {
            "$kind": "BindingMissingRequiredInputError",
            "bindingKey": "text_5",
            "inputDisplayName": "OAIDeployment"
          },
          {
            "$kind": "BindingMissingRequiredInputError",
            "bindingKey": "text_2",
            "inputDisplayName": "TenantId"
          },
          {
            "$kind": "BindingMissingRequiredInputError",
            "bindingKey": "text_3",
            "inputDisplayName": "SPId"
          },
          {
            "$kind": "BindingMissingRequiredInputError",
            "bindingKey": "text_1",
            "inputDisplayName": "RGName"
          },
          {
            "$kind": "BindingMissingRequiredInputError",
            "bindingKey": "text_4",
            "inputDisplayName": "OAIService"
          },
          {
            "$kind": "BindingMissingRequiredInputError",
            "bindingKey": "text_5",
            "inputDisplayName": "OAIDeployment"
          },
          {
            "$kind": "BindingMissingRequiredInputError",
            "bindingKey": "text_2",
            "inputDisplayName": "TenantId"
          },
          {
            "$kind": "BindingMissingRequiredInputError",
            "bindingKey": "text_3",
            "inputDisplayName": "SPId"
          },
          {
            "$kind": "BindingMissingRequiredInputError",
            "bindingKey": "text_1",
            "inputDisplayName": "RGName"
          }
        ],
        "componentId": "a96c0af9-3925-4526-8c1a-f02b13be7b27",
        "reference": {
          "dialogId": "Default_operations.topic.ConvPlugIn-GraphAPI",
          "triggerId": "main",
          "actionId": "invokeFlowAction_SYzaV1"
        }
      }
    ]
  },
  "currentSynchronizationState": {
    "botRegistration": {
      "applicationId": "f9d5ffe3-171c-4441-b8fa-34a47be25a36",
      "isAppAvailableInTenant": true
    },
    "provisioningStatus": "Provisioned",
    "state": "Synchronized"
  },
  "lastSynchronizedOnUtc": "2024-04-11T12:09:42.83365Z"
}</synchronizationstatus>
  <template>default-2.0.1</template>
  <timezoneruleversionnumber>4</timezoneruleversionnumber>
</bot>