{
  "properties": {
    "connectionReferences": {
      "shared_azuremonitorlogs-1": {
        "api": {
          "name": "shared_azuremonitorlogs"
        },
        "connection": {
          "connectionReferenceLogicalName": "new_sharedazuremonitorlogs_3e045"
        },
        "runtimeSource": "embedded"
      }
    },
    "definition": {
      "$schema": "https://schema.management.azure.com/providers/Microsoft.Logic/schemas/2016-06-01/workflowdefinition.json#",
      "contentVersion": "1.0.0.0",
      "parameters": {
        "$authentication": {
          "defaultValue": {},
          "type": "SecureObject"
        },
        "$connections": {
          "defaultValue": {},
          "type": "Object"
        }
      },
      "triggers": {
        "manual": {
          "type": "Request",
          "kind": "VirtualAgent",
          "inputs": {
            "schema": {
              "type": "object",
              "properties": {
                "text": {
                  "description": "Please enter your input",
                  "title": "Object",
                  "type": "string",
                  "x-ms-content-hint": "TEXT",
                  "x-ms-dynamically-added": true
                },
                "text_1": {
                  "description": "Please enter your input",
                  "title": "Counter",
                  "type": "string",
                  "x-ms-content-hint": "TEXT",
                  "x-ms-dynamically-added": true
                },
                "number": {
                  "description": "Please enter a number",
                  "title": "TimeRange",
                  "type": "number",
                  "x-ms-content-hint": "NUMBER",
                  "x-ms-dynamically-added": true
                },
                "text_2": {
                  "description": "Please enter your input",
                  "title": "RGName",
                  "type": "string",
                  "x-ms-content-hint": "TEXT",
                  "x-ms-dynamically-added": true
                },
                "text_3": {
                  "description": "Please enter your input",
                  "title": "LAWName",
                  "type": "string",
                  "x-ms-content-hint": "TEXT",
                  "x-ms-dynamically-added": true
                }
              },
              "required": [
                "text",
                "text_1",
                "number",
                "text_2",
                "text_3"
              ]
            }
          }
        }
      },
      "actions": {
        "Return_value(s)_to_Power_Virtual_Agents": {
          "type": "Response",
          "kind": "VirtualAgent",
          "inputs": {
            "schema": {
              "type": "object",
              "properties": {
                "name": {
                  "title": "Name",
                  "type": "string",
                  "x-ms-content-hint": "TEXT",
                  "x-ms-dynamically-added": true
                },
                "content": {
                  "title": "Content",
                  "type": "string",
                  "x-ms-content-hint": "TEXT",
                  "x-ms-dynamically-added": true
                },
                "body": {
                  "title": "Body",
                  "type": "string",
                  "x-ms-content-hint": "TEXT",
                  "x-ms-dynamically-added": true
                }
              },
              "additionalProperties": {}
            },
            "statusCode": 200,
            "body": {
              "name": "@outputs('Run_query_and_visualize_results')?['body/attachmentName']",
              "content": "@outputs('Run_query_and_visualize_results')?['body/attachmentContent']",
              "body": "@outputs('Run_query_and_visualize_results')?['body/body']"
            }
          },
          "runAfter": {
            "Run_query_and_visualize_results": [
              "Succeeded"
            ]
          }
        },
        "Run_query_and_visualize_results": {
          "type": "OpenApiConnection",
          "inputs": {
            "parameters": {
              "subscriptions": "89c1a3d1-e53c-4cf9-871a-9343d0221bb4",
              "resourcegroups": "@triggerBody()?['text_2']",
              "resourcetype": "Log Analytics Workspace",
              "resourcename": "@triggerBody()?['text_3']",
              "query": "Perf | where TimeGenerated > ago(@{triggerBody()?['number']}h) | where ObjectName == \"@{triggerBody()?['text']}\" and CounterName == \"@{triggerBody()?['text_1']}\" | summarize percentiles(CounterValue, 95) by bin(TimeGenerated, 1h) | render timechart ",
              "timerange": "Last 24 hours",
              "visType": "Time Chart"
            },
            "host": {
              "apiId": "/providers/Microsoft.PowerApps/apis/shared_azuremonitorlogs",
              "operationId": "VisualizeQuery",
              "connectionName": "shared_azuremonitorlogs-1"
            }
          },
          "runAfter": {}
        }
      },
      "outputs": {}
    },
    "templateName": null
  },
  "schemaVersion": "1.0.0.0"
}