{
  "properties": {
    "connectionReferences": {
      "shared_azuremonitorlogs-1": {
        "api": {
          "name": "shared_azuremonitorlogs"
        },
        "connection": {
          "connectionReferenceLogicalName": "new_sharedazuremonitorlogs_3e045"
        },
        "runtimeSource": "embedded"
      }
    },
    "definition": {
      "$schema": "https://schema.management.azure.com/providers/Microsoft.Logic/schemas/2016-06-01/workflowdefinition.json#",
      "contentVersion": "1.0.0.0",
      "parameters": {
        "$authentication": {
          "defaultValue": {},
          "type": "SecureObject"
        },
        "$connections": {
          "defaultValue": {},
          "type": "Object"
        }
      },
      "triggers": {
        "manual": {
          "type": "Request",
          "kind": "VirtualAgent",
          "inputs": {
            "schema": {
              "type": "object",
              "properties": {
                "text": {
                  "description": "Please enter your input",
                  "title": "ComputerName",
                  "type": "string",
                  "x-ms-content-hint": "TEXT",
                  "x-ms-dynamically-added": true
                },
                "text_1": {
                  "description": "Please enter your input",
                  "title": "ConnectionType",
                  "type": "string",
                  "x-ms-content-hint": "TEXT",
                  "x-ms-dynamically-added": true
                },
                "number": {
                  "description": "Please enter a number",
                  "title": "TimeRange",
                  "type": "number",
                  "x-ms-content-hint": "NUMBER",
                  "x-ms-dynamically-added": true
                },
                "text_2": {
                  "description": "Please enter your input",
                  "title": "RGName",
                  "type": "string",
                  "x-ms-content-hint": "TEXT",
                  "x-ms-dynamically-added": true
                },
                "text_3": {
                  "description": "Please enter your input",
                  "title": "LAWName",
                  "type": "string",
                  "x-ms-content-hint": "TEXT",
                  "x-ms-dynamically-added": true
                }
              },
              "required": [
                "text",
                "text_1",
                "number",
                "text_2",
                "text_3"
              ]
            }
          }
        }
      },
      "actions": {
        "Return_value(s)_to_Power_Virtual_Agents": {
          "type": "Response",
          "kind": "VirtualAgent",
          "inputs": {
            "schema": {
              "type": "object",
              "properties": {
                "output": {
                  "title": "Output",
                  "type": "string",
                  "x-ms-content-hint": "TEXT",
                  "x-ms-dynamically-added": true
                }
              },
              "additionalProperties": {}
            },
            "statusCode": 200,
            "body": {
              "output": "@outputs('Compose_Output_JSON')"
            }
          },
          "runAfter": {
            "Compose_Output_JSON": [
              "Succeeded"
            ]
          }
        },
        "Switch": {
          "type": "Switch",
          "expression": "@triggerBody()?['text_1']",
          "default": {
            "actions": {
              "Retrieve_Active_Connections": {
                "type": "OpenApiConnection",
                "inputs": {
                  "parameters": {
                    "subscriptions": "89c1a3d1-e53c-4cf9-871a-9343d0221bb4",
                    "resourcegroups": "@triggerBody()?['text_2']",
                    "resourcetype": "Log Analytics Workspace",
                    "resourcename": "@triggerBody()?['text_3']",
                    "query": "VMConnection | where TimeGenerated > ago(@{triggerBody()?['number']}h)\r\n| where Direction == \"outbound\" and LinksEstablished == \"1\" and DestinationIp <> \"127.0.0.1\" and Computer == \"@{concat(triggerBody()?['text'])}\"\r\n| summarize count() by RemoteCountry, DestinationIp, DestinationPort\r\n| sort by RemoteCountry, count_",
                    "timerange": "Set in query"
                  },
                  "host": {
                    "apiId": "/providers/Microsoft.PowerApps/apis/shared_azuremonitorlogs",
                    "operationId": "QueryData",
                    "connectionName": "shared_azuremonitorlogs-1"
                  }
                }
              }
            }
          },
          "cases": {
            "Failed": {
              "actions": {
                "Retrieve_Failed_Connections": {
                  "type": "OpenApiConnection",
                  "inputs": {
                    "parameters": {
                      "subscriptions": "89c1a3d1-e53c-4cf9-871a-9343d0221bb4",
                      "resourcegroups": "@triggerBody()?['text_2']",
                      "resourcetype": "Log Analytics Workspace",
                      "resourcename": "@triggerBody()?['text_3']",
                      "query": "VMConnection | where TimeGenerated > ago(@{triggerBody()?['number']}h)\r\n| where Direction == \"outbound\" and LinksFailed == \"1\" and DestinationIp <> \"127.0.0.1\" and Computer == \"@{concat(triggerBody()?['text'])}\"\r\n| summarize count() by RemoteCountry, DestinationIp, DestinationPort\r\n| sort by RemoteCountry, count_",
                      "timerange": "Set in query"
                    },
                    "host": {
                      "apiId": "/providers/Microsoft.PowerApps/apis/shared_azuremonitorlogs",
                      "operationId": "QueryData",
                      "connectionName": "shared_azuremonitorlogs-1"
                    }
                  }
                }
              },
              "case": "Failed"
            }
          },
          "runAfter": {}
        },
        "Compose_Output_JSON": {
          "type": "Compose",
          "inputs": "@concat(body('Retrieve_Active_Connections'),body('Retrieve_Failed_Connections'))",
          "runAfter": {
            "Switch": [
              "Succeeded"
            ]
          }
        }
      },
      "outputs": {}
    },
    "templateName": null
  },
  "schemaVersion": "1.0.0.0"
}