<bot schemaname="Default_operations">
  <authenticationmode>1</authenticationmode>
  <authenticationtrigger>0</authenticationtrigger>
  <iscustomizable>0</iscustomizable>
  <language>1033</language>
  <name>IT Operations</name>
  <runtimeprovider>0</runtimeprovider>
  <synchronizationstatus>{
  "contentVersion": 2,
  "lastFinishedPublishOperation": {
    "$kind": "PublishResultDetails",
    "operationStart": "2024-09-26T09:53:56.7201062Z",
    "operationEnd": "2024-09-26T09:54:31.2353307Z",
    "status": "Succeeded"
  },
  "currentSynchronizationState": {
    "botRegistration": {
      "botRegistrationIdConsumptionTime": "2024-09-16T07:17:05Z",
      "applicationId": "dd162c1b-70b4-4452-956e-199f516879e3",
      "isAppAvailableInTenant": true
    },
    "provisioningStatus": "Provisioned",
    "state": "Synchronized"
  },
  "lastSynchronizedOnUtc": "2024-09-26T09:55:31.2398037Z"
}</synchronizationstatus>
  <template>default-2.0.1</template>
  <timezoneruleversionnumber>4</timezoneruleversionnumber>
</bot>