<botcomponent_workflowset>
  <botcomponent_workflow botcomponentid.schemaname="Default_operations.component.DCsCheck" workflowid.workflowid="1b2811a7-40ab-ee11-be37-00224802a0c6">
    <iscustomizable>1</iscustomizable>
  </botcomponent_workflow>
  <botcomponent_workflow botcomponentid.schemaname="Default_operations.topic.AKSHelathCheck" workflowid.workflowid="0af34a8f-e5ab-ee11-be37-00224802a0c6">
    <iscustomizable>1</iscustomizable>
  </botcomponent_workflow>
  <botcomponent_workflow botcomponentid.schemaname="Default_operations.topic.Anomaliesv2" workflowid.workflowid="8b94cc15-cfcc-ee11-9079-00224802a0c6">
    <iscustomizable>1</iscustomizable>
  </botcomponent_workflow>
  <botcomponent_workflow botcomponentid.schemaname="Default_operations.topic.CMDBv2" workflowid.workflowid="5a0963a5-03af-ee11-a569-00224802a0c6">
    <iscustomizable>1</iscustomizable>
  </botcomponent_workflow>
  <botcomponent_workflow botcomponentid.schemaname="Default_operations.topic.Connections" workflowid.workflowid="5bb953e6-55b0-ee11-a569-00224802a0c6">
    <iscustomizable>1</iscustomizable>
  </botcomponent_workflow>
  <botcomponent_workflow botcomponentid.schemaname="Default_operations.topic.ConvPlugIn-GraphAPI" workflowid.workflowid="5a0963a5-03af-ee11-a569-00224802a0c6">
    <iscustomizable>1</iscustomizable>
  </botcomponent_workflow>
  <botcomponent_workflow botcomponentid.schemaname="Default_operations.topic.Metrics" workflowid.workflowid="e9b1901d-0caf-ee11-a569-00224802a0c6">
    <iscustomizable>1</iscustomizable>
  </botcomponent_workflow>
  <botcomponent_workflow botcomponentid.schemaname="Default_operations.topic.Untitled__CO" workflowid.workflowid="1b2811a7-40ab-ee11-be37-00224802a0c6">
    <iscustomizable>1</iscustomizable>
  </botcomponent_workflow>
  <botcomponent_workflow botcomponentid.schemaname="Default_operations.topic.Untitled_-P_" workflowid.workflowid="5e2117a2-94b0-ee11-a569-00224802a0c6">
    <iscustomizable>1</iscustomizable>
  </botcomponent_workflow>
</botcomponent_workflowset>