{
  "properties": {
    "connectionReferences": {
      "shared_azuremonitorlogs-2": {
        "api": {
          "name": "shared_azuremonitorlogs"
        },
        "connection": {
          "connectionReferenceLogicalName": "new_sharedazuremonitorlogs_3e045"
        },
        "runtimeSource": "embedded"
      }
    },
    "definition": {
      "$schema": "https://schema.management.azure.com/providers/Microsoft.Logic/schemas/2016-06-01/workflowdefinition.json#",
      "contentVersion": "1.0.0.0",
      "parameters": {
        "$authentication": {
          "defaultValue": {},
          "type": "SecureObject"
        },
        "$connections": {
          "defaultValue": {},
          "type": "Object"
        }
      },
      "triggers": {
        "manual": {
          "type": "Request",
          "kind": "VirtualAgent",
          "inputs": {
            "schema": {
              "type": "object",
              "properties": {
                "text": {
                  "description": "",
                  "title": "starttime",
                  "type": "string",
                  "x-ms-content-hint": "TEXT",
                  "x-ms-dynamically-added": true
                },
                "text_1": {
                  "description": "",
                  "title": "endtime",
                  "type": "string",
                  "x-ms-content-hint": "TEXT",
                  "x-ms-dynamically-added": true
                },
                "text_2": {
                  "description": "",
                  "title": "timeframe",
                  "type": "string",
                  "x-ms-content-hint": "TEXT",
                  "x-ms-dynamically-added": true
                },
                "text_4": {
                  "description": "Please enter your input",
                  "title": "RGName",
                  "type": "string",
                  "x-ms-content-hint": "TEXT",
                  "x-ms-dynamically-added": true
                },
                "text_5": {
                  "description": "Please enter your input",
                  "title": "LAWName",
                  "type": "string",
                  "x-ms-content-hint": "TEXT",
                  "x-ms-dynamically-added": true
                },
                "text_3": {
                  "description": "Please enter your input",
                  "title": "resource",
                  "type": "string",
                  "x-ms-content-hint": "TEXT",
                  "x-ms-dynamically-added": true
                },
                "text_6": {
                  "description": "Please enter your input",
                  "title": "SubId",
                  "type": "string",
                  "x-ms-content-hint": "TEXT",
                  "x-ms-dynamically-added": true
                }
              },
              "required": [
                "text",
                "text_1",
                "text_2",
                "text_4",
                "text_5",
                "text_3",
                "text_6"
              ]
            }
          },
          "metadata": {
            "operationMetadataId": "d197b749-b9f4-46ea-a3db-d20496aa9e93"
          }
        }
      },
      "actions": {
        "Return_value(s)_to_Power_Virtual_Agents": {
          "type": "Response",
          "kind": "VirtualAgent",
          "inputs": {
            "schema": {
              "type": "object",
              "properties": {
                "output": {
                  "title": "Output",
                  "x-ms-dynamically-added": true,
                  "type": "string"
                },
                "name": {
                  "title": "Name",
                  "x-ms-dynamically-added": true,
                  "type": "string"
                },
                "content": {
                  "title": "Content",
                  "x-ms-dynamically-added": true,
                  "type": "string"
                },
                "body": {
                  "title": "Body",
                  "x-ms-dynamically-added": true,
                  "type": "string"
                }
              },
              "additionalProperties": {}
            },
            "statusCode": 200,
            "body": {
              "output": "@concat(outputs('Compose_the_JSON_for_output'))",
              "name": "@outputs('Run_query_and_visualize_results_V2_(Preview)')?['body/attachmentName']",
              "content": "@outputs('Run_query_and_visualize_results_V2_(Preview)')?['body/attachmentContent']",
              "body": "@outputs('Run_query_and_visualize_results_V2_(Preview)')?['body/body']"
            }
          },
          "runAfter": {
            "Compose_the_JSON_for_output": [
              "Succeeded"
            ]
          },
          "metadata": {
            "operationMetadataId": "9c3ce057-05d9-48ea-896a-10d1b3602f63"
          }
        },
        "Compose_the_JSON_for_output": {
          "type": "Compose",
          "inputs": "@json(concat('{\"Anomalies\":',outputs('Run_query_and_list_results_V2_(Preview)')?['body/value'],'}'))",
          "runAfter": {
            "Run_query_and_visualize_results_V2_(Preview)": [
              "Succeeded"
            ]
          },
          "metadata": {
            "operationMetadataId": "0cb46ab0-d6d3-48f3-98d2-d44940994495"
          }
        },
        "Run_query_and_list_results_V2_(Preview)": {
          "type": "OpenApiConnection",
          "inputs": {
            "parameters": {
              "body/query": "InsightsMetrics\n| where TimeGenerated between (startofday(ago(@{triggerBody()?['text']}))..startofday(ago(@{triggerBody()?['text_1']}))) \n| where Computer  == \"@{triggerBody()?['text_3']}\"\n| make-series ActualUsage=sum(Val) default = 0 on TimeGenerated from startofday(ago(@{triggerBody()?['text']})) to startofday(ago(@{triggerBody()?['text_1']})) step @{triggerBody()?['text_2']} by Namespace\n| extend(Anomalies, AnomalyScore, ExpectedUsage) = series_decompose_anomalies(ActualUsage,1.5,-1,'avg',1) \n| mv-expand ActualUsage to typeof(double), TimeGenerated to typeof(datetime), Anomalies to typeof(double),AnomalyScore to typeof(double), ExpectedUsage to typeof(long)\n| where AnomalyScore > 4.3\n| project TimeGenerated, ActualUsage, ExpectedUsage, AnomalyScore, Anomalies, Namespace  \n| sort by abs(AnomalyScore) desc \n",
              "subscriptions": "@triggerBody()?['text_6']",
              "resourcegroups": "@triggerBody()?['text_4']",
              "resourcetype": "Log Analytics Workspace",
              "resourcename": "@triggerBody()?['text_5']",
              "body/timerangetype": "168"
            },
            "host": {
              "apiId": "/providers/Microsoft.PowerApps/apis/shared_azuremonitorlogs",
              "operationId": "QueryDataV2",
              "connectionName": "shared_azuremonitorlogs-2"
            }
          },
          "runAfter": {},
          "metadata": {
            "operationMetadataId": "b7d4a0c9-83b8-4c83-8d3b-7c3e6292f7b3"
          }
        },
        "Run_query_and_visualize_results_V2_(Preview)": {
          "type": "OpenApiConnection",
          "inputs": {
            "parameters": {
              "body/query": "InsightsMetrics\n| where TimeGenerated between (startofday(ago(@{triggerBody()?['text']}))..startofday(ago(@{triggerBody()?['text_1']}))) \n| where Computer  == \"@{triggerBody()?['text_3']}\"\n| make-series ActualUsage=sum(Val) default = 0 on TimeGenerated from startofday(ago(@{triggerBody()?['text']})) to startofday(ago(@{triggerBody()?['text_1']})) step @{triggerBody()?['text_2']} by Namespace \n| render timechart  ",
              "subscriptions": "@triggerBody()?['text_6']",
              "resourcegroups": "@triggerBody()?['text_4']",
              "resourcetype": "Log Analytics Workspace",
              "resourcename": "@triggerBody()?['text_5']",
              "body/timerangetype": "168",
              "visType": "Time Chart"
            },
            "host": {
              "apiId": "/providers/Microsoft.PowerApps/apis/shared_azuremonitorlogs",
              "operationId": "VisualizeQueryV2",
              "connectionName": "shared_azuremonitorlogs-2"
            }
          },
          "runAfter": {
            "Run_query_and_list_results_V2_(Preview)": [
              "Succeeded"
            ]
          },
          "metadata": {
            "operationMetadataId": "55d1e9f0-56c6-476d-aea4-9377619d96e2"
          }
        }
      },
      "outputs": {}
    },
    "templateName": null
  },
  "schemaVersion": "1.0.0.0"
}