{
  "properties": {
    "connectionReferences": {
      "shared_keyvault": {
        "api": {
          "name": "shared_keyvault"
        },
        "connection": {
          "connectionReferenceLogicalName": "new_sharedkeyvault_c7a57"
        },
        "runtimeSource": "embedded"
      }
    },
    "definition": {
      "$schema": "https://schema.management.azure.com/providers/Microsoft.Logic/schemas/2016-06-01/workflowdefinition.json#",
      "contentVersion": "1.0.0.0",
      "parameters": {
        "$authentication": {
          "defaultValue": {},
          "type": "SecureObject"
        },
        "$connections": {
          "defaultValue": {},
          "type": "Object"
        }
      },
      "triggers": {
        "manual": {
          "type": "Request",
          "kind": "VirtualAgent",
          "inputs": {
            "schema": {
              "type": "object",
              "properties": {
                "text": {
                  "description": "Please enter your input",
                  "title": "TenantId",
                  "type": "string",
                  "x-ms-content-hint": "TEXT",
                  "x-ms-dynamically-added": true
                },
                "text_1": {
                  "description": "Please enter your input",
                  "title": "SPId",
                  "type": "string",
                  "x-ms-content-hint": "TEXT",
                  "x-ms-dynamically-added": true
                }
              },
              "required": [
                "text",
                "text_1"
              ]
            }
          }
        }
      },
      "actions": {
        "Return_value(s)_to_Power_Virtual_Agents": {
          "type": "Response",
          "kind": "VirtualAgent",
          "inputs": {
            "schema": {
              "type": "object",
              "properties": {
                "output": {
                  "title": "Output",
                  "type": "string",
                  "x-ms-content-hint": "TEXT",
                  "x-ms-dynamically-added": true
                }
              },
              "additionalProperties": {}
            },
            "statusCode": 200,
            "body": {
              "output": "@concat(body('Call_Azure_Graph_API_endpoint'))"
            }
          },
          "runAfter": {
            "Call_Azure_Graph_API_endpoint": [
              "Succeeded"
            ]
          }
        },
        "Get_SP_secret": {
          "type": "OpenApiConnection",
          "inputs": {
            "parameters": {
              "secretName": "SP-Secret"
            },
            "host": {
              "apiId": "/providers/Microsoft.PowerApps/apis/shared_keyvault",
              "operationId": "GetSecret",
              "connectionName": "shared_keyvault"
            }
          },
          "runAfter": {}
        },
        "Call_Azure_Graph_API_endpoint": {
          "type": "Http",
          "inputs": {
            "uri": "https://management.azure.com/providers/Microsoft.ResourceGraph/resources",
            "method": "POST",
            "headers": {
              "Content-Type": "application/json"
            },
            "queries": {
              "api-version": "2021-03-01"
            },
            "body": {
              "query": "patchassessmentresources | where type == 'microsoft.hybridcompute/machines/patchassessmentresults/softwarepatches' | where id contains 'DC-1'"
            },
            "authentication": {
              "type": "ActiveDirectoryOAuth",
              "authority": "https://login.windows.net",
              "tenant": "@{triggerBody()?['text']}",
              "audience": "https://management.azure.com",
              "clientId": "@{triggerBody()?['text_1']}",
              "secret": "@{outputs('Get_SP_secret')?['body/value']}"
            }
          },
          "runAfter": {
            "Get_SP_secret": [
              "Succeeded"
            ]
          }
        }
      },
      "outputs": {}
    },
    "templateName": null
  },
  "schemaVersion": "1.0.0.0"
}